,Title,Link,Day,Time,Where,Image link
0,London Aquarium,https://www.facebook.com/events/516123257368647/?acontext=%7B%22event_action_history%22%3A[%7B%22mechanism%22%3A%22search_results%22%2C%22surface%22%3A%22bookmark_search%22%7D]%2C%22ref_notif_type%22%3Anull%7D,SAT, 9 SEP AT 13:00 UTC+01,SEA LIFE London Aquariumâ„¢,https://scontent.fbho3-3.fna.fbcdn.net/v/t39.30808-6/365676161_3484738911800459_980562074515630179_n.jpg?stp=c0.3.165.110a_cp6_dst-jpg_p118x118&_nc_cat=108&ccb=1-7&_nc_sid=934829&_nc_ohc=L6QOED_NP8oAX8WscY4&_nc_ht=scontent.fbho3-3.fna&oh=00_AfAv2VzzQ0OtXRtPu26WWW6WgsuJ2WNCYIhwVFSYkvsxlQ&oe=64FD6675
1,London Fives 2023,https://www.facebook.com/events/808813024161123/?acontext=%7B%22event_action_history%22%3A[%7B%22mechanism%22%3A%22search_results%22%2C%22surface%22%3A%22bookmark_search%22%7D]%2C%22ref_notif_type%22%3Anull%7D,SAT, 9 SEP AT 09:00 UTC+01,"Victoria Park, London",https://scontent.fbho3-1.fna.fbcdn.net/v/t39.30808-6/350127564_155973130787648_2154918380972014188_n.jpg?stp=c313.0.1875.1250a_dst-jpg_s168x128&_nc_cat=103&ccb=1-7&_nc_sid=934829&_nc_ohc=WYSQ2VHqcugAX96lKxb&_nc_ht=scontent.fbho3-1.fna&oh=00_AfCJKeaw_KtmdeCaYaiucVYShauw937gegAeqm3LwVzt4g&oe=64FE47F0
2,The Britannia (London),https://www.facebook.com/events/758132635621931/?acontext=%7B%22event_action_history%22%3A[%7B%22mechanism%22%3A%22search_results%22%2C%22surface%22%3A%22bookmark_search%22%7D]%2C%22ref_notif_type%22%3Anull%7D,SAT, 9 SEP AT 20:00 UTC+01,The Britannia - Smok'd,https://scontent.fbho3-1.fna.fbcdn.net/v/t39.30808-6/335283706_2533699610128973_6837729803117141867_n.jpg?stp=c0.18.168.112a_dst-jpg_p168x128&_nc_cat=100&ccb=1-7&_nc_sid=934829&_nc_ohc=L4Bptad-tDQAX82dxBM&_nc_ht=scontent.fbho3-1.fna&oh=00_AfAcUU8RkfXa7zPlFPj0HIkMglbIHZKkYWAW2zrQbzyTGA&oe=64FE3DBC
3,VegMed London 2023,https://www.facebook.com/events/639102461565834/?acontext=%7B%22event_action_history%22%3A[%7B%22mechanism%22%3A%22search_results%22%2C%22surface%22%3A%22bookmark_search%22%7D]%2C%22ref_notif_type%22%3Anull%7D,SAT, 9 SEP-10 SEP,Imperial College London,https://scontent.fbho3-3.fna.fbcdn.net/v/t39.30808-6/345054232_203189062584038_1676786826048663478_n.jpg?stp=c75.0.810.540a_cp6_dst-jpg_s168x128&_nc_cat=108&ccb=1-7&_nc_sid=934829&_nc_ohc=Ag0HVkH0dz4AX8m2PR2&_nc_oc=AQksZ3GU-NmlKbnONZm-r-_lSgywLoPcjaftTiImr8Vzs_qu_SsQzEEu2q7oGt0THi_QgBwdTIf_OKnq9sL5yIuX&_nc_ht=scontent.fbho3-3.fna&oh=00_AfDvPGrGPusnxF0vLHXm1ZH3T_rSSQxP2bYS14E2c3aZsg&oe=64FF1F1A
4,OLONA DAY LONDON,https://www.facebook.com/events/176118621971156/?acontext=%7B%22event_action_history%22%3A[%7B%22mechanism%22%3A%22search_results%22%2C%22surface%22%3A%22bookmark_search%22%7D]%2C%22ref_notif_type%22%3Anull%7D,SAT, 9 SEP AT 14:00 UTC+01,Nathan Way Hand Car Wash,https://scontent.fbho3-2.fna.fbcdn.net/v/t39.30808-6/358141223_10160891872484882_7315078073611643738_n.jpg?stp=c0.18.168.112a_dst-jpg_p168x128&_nc_cat=105&ccb=1-7&_nc_sid=934829&_nc_ohc=PwD2I0zEcFUAX9nca6P&_nc_ht=scontent.fbho3-2.fna&oh=00_AfCN7S1atUvIUOzmJqQuD4cqzea50KjgJUDodrjDF6ufrA&oe=64FF3D2F
5,London wetlands centre,https://www.facebook.com/events/1162500564442764/?acontext=%7B%22event_action_history%22%3A[%7B%22mechanism%22%3A%22search_results%22%2C%22surface%22%3A%22bookmark_search%22%7D]%2C%22ref_notif_type%22%3Anull%7D,SAT, 9 SEP AT 10:00 PDT,Stoke Newington,https://scontent.fbho3-1.fna.fbcdn.net/v/t39.30808-6/344436975_1166048047396007_1218128175121045165_n.jpg?stp=c0.37.168.112a_dst-jpg_p168x128&_nc_cat=109&ccb=1-7&_nc_sid=934829&_nc_ohc=FdBFGUmYRoQAX_qrnja&_nc_ht=scontent.fbho3-1.fna&oh=00_AfAvUN-avE3G_PIB5bAgE31CWzdO06sXqNqxazWb599vlw&oe=64FDB1BF
6,VegMed London 2023,https://www.facebook.com/events/793575578582996/?acontext=%7B%22event_action_history%22%3A[%7B%22mechanism%22%3A%22search_results%22%2C%22surface%22%3A%22bookmark_search%22%7D]%2C%22ref_notif_type%22%3Anull%7D,SAT, 9 SEP AT 08:00 UTC+01,"Imperial College London, South Kensington",https://scontent.fbho3-1.fna.fbcdn.net/v/t39.30808-6/343224715_602539655162653_1896372235313937814_n.png?stp=c708.0.1897.1265a_dst-png_s168x128&_nc_cat=100&ccb=1-7&_nc_sid=934829&_nc_ohc=NIfbi-tcMRgAX9Dzip_&_nc_ht=scontent.fbho3-1.fna&oh=00_AfB5WzdSt8ZLduZDWj5FnTmlw-up6emZrP2kRjDQ_RNYEw&oe=64FED49D
7,London Podcast Festival 2023,https://www.facebook.com/events/297775139463179/?acontext=%7B%22event_action_history%22%3A[%7B%22mechanism%22%3A%22search_results%22%2C%22surface%22%3A%22bookmark_search%22%7D]%2C%22ref_notif_type%22%3Anull%7D,THURS, 7 SEP-17 SEP,Kings Place,https://scontent.fbho3-1.fna.fbcdn.net/v/t39.30808-6/365741346_693003339531036_954895910322959545_n.jpg?stp=c206.0.1508.1005a_dst-jpg_s168x128&_nc_cat=103&ccb=1-7&_nc_sid=934829&_nc_ohc=a0w2AA289xYAX-BC_r8&_nc_ht=scontent.fbho3-1.fna&oh=00_AfDGmeog_OwZ-LkDL7M--GjdwDp6Dsj5rIRJROm3NUTzcg&oe=64FEE0D7
8,Airshow London SkyDrive 2023,https://www.facebook.com/events/102413219471980/?acontext=%7B%22event_action_history%22%3A[%7B%22mechanism%22%3A%22search_results%22%2C%22surface%22%3A%22bookmark_search%22%7D]%2C%22ref_notif_type%22%3Anull%7D,FRI, 8 SEP-10 SEP,London International Airport,https://scontent.fbho3-3.fna.fbcdn.net/v/t39.30808-6/330300953_550318036946118_1572360869214217566_n.jpg?stp=c150.0.1620.1080a_dst-jpg_s168x128&_nc_cat=108&ccb=1-7&_nc_sid=934829&_nc_ohc=P-1ciEFNatoAX9-fatE&_nc_ht=scontent.fbho3-3.fna&oh=00_AfDt8JUstVuPXCFfPsAE1tMpjlJmsfOEOSC2FyZiUP3XHw&oe=64FD7978
9,TSAFARI LONDON FASHION SHOW,https://www.facebook.com/events/766511901894605/?acontext=%7B%22event_action_history%22%3A[%7B%22mechanism%22%3A%22search_results%22%2C%22surface%22%3A%22bookmark_search%22%7D]%2C%22ref_notif_type%22%3Anull%7D,Today,Happening Now,Leonardo Royal Hotel London St Paul's,https://scontent.fbho3-1.fna.fbcdn.net/v/t39.30808-6/375450480_10231704143289230_8040059441268979025_n.jpg?stp=c167.0.945.630a_cp6_dst-jpg_s168x128&_nc_cat=103&ccb=1-7&_nc_sid=934829&_nc_ohc=ibq2pW1A0EUAX8Lr_ur&_nc_ht=scontent.fbho3-1.fna&oh=00_AfDfe7d_63LZQVkvyG1K5jRCY47nVsPWuzOaXQ-JJrWgwg&oe=64FF3805
10,Busted | The O2 London,https://www.facebook.com/events/301391235755935/?acontext=%7B%22event_action_history%22%3A[%7B%22mechanism%22%3A%22search_results%22%2C%22surface%22%3A%22bookmark_search%22%7D]%2C%22ref_notif_type%22%3Anull%7D,SUN, 10 SEP AT 18:00 UTC+01,The O2,https://scontent.fbho3-3.fna.fbcdn.net/v/t39.30808-6/366734279_220362824291999_2351298249064172000_n.jpg?stp=c0.3.162.108a_dst-jpg_p118x118&_nc_cat=108&ccb=1-7&_nc_sid=934829&_nc_ohc=dw0vG-gUyCMAX-GYucf&_nc_ht=scontent.fbho3-3.fna&oh=00_AfCsKSvbG-xXyZpUGlsaJPu79bgGxpY48kj2NPby1GvtNA&oe=64FD86D6
11,Airshow London SkyDrive 2023,https://www.facebook.com/events/958866811999721/?acontext=%7B%22event_action_history%22%3A[%7B%22mechanism%22%3A%22search_results%22%2C%22surface%22%3A%22bookmark_search%22%7D]%2C%22ref_notif_type%22%3Anull%7D,FRI, 8 SEP-10 SEP,London International Airport,https://scontent.fbho3-1.fna.fbcdn.net/v/t39.30808-6/358647528_808783117459364_7079848424424803238_n.jpg?stp=c134.0.1440.960a_dst-jpg_s168x128&_nc_cat=100&ccb=1-7&_nc_sid=934829&_nc_ohc=ZFhBCVRfbPcAX_Xykf1&_nc_ht=scontent.fbho3-1.fna&oh=00_AfADaSzSR-d6Boy5mhttwIEFwdVZBZ9dc-VGu-Ay1cpVwg&oe=64FE1702
12,Karaoke - The Well London,https://www.facebook.com/events/1357882784766710/?acontext=%7B%22event_action_history%22%3A[%7B%22mechanism%22%3A%22search_results%22%2C%22surface%22%3A%22bookmark_search%22%7D]%2C%22ref_notif_type%22%3Anull%7D,THU, 7 SEP AT 21:00 EDT AND 3 MORE,The Well London,https://scontent.fbho3-1.fna.fbcdn.net/v/t39.30808-6/373029064_850490313349888_695685071797664987_n.jpg?stp=c0.32.168.112a_dst-jpg_p168x128&_nc_cat=102&ccb=1-7&_nc_sid=934829&_nc_ohc=MD8FwX96j6cAX9Tni9p&_nc_ht=scontent.fbho3-1.fna&oh=00_AfDfQlQ2BmBWG-vmllxQ3x8MpWzLAU9nCSDU2lOtmp3jAw&oe=64FE16AC
13,London Craft Gin Cruise,https://www.facebook.com/events/107575572263812/?acontext=%7B%22event_action_history%22%3A[%7B%22mechanism%22%3A%22search_results%22%2C%22surface%22%3A%22bookmark_search%22%7D]%2C%22ref_notif_type%22%3Anull%7D,SAT, 9 SEP AT 15:30 EDT AND 25 MORE,London Embankment,https://scontent.fbho3-2.fna.fbcdn.net/v/t39.30808-6/330364676_3052084541763276_1366325731246630489_n.jpg?stp=dst-jpg_s168x128&_nc_cat=107&ccb=1-7&_nc_sid=934829&_nc_ohc=3HCwl3ySSqAAX_MGicA&_nc_ht=scontent.fbho3-2.fna&oh=00_AfA_hzhAJHh4yqYZc_huLMl-XikZyxs1jcNTzCmS3aHNPA&oe=64FD776C
14,Bass Therapy - Fire London,https://www.facebook.com/events/841463714034402/?acontext=%7B%22event_action_history%22%3A[%7B%22mechanism%22%3A%22search_results%22%2C%22surface%22%3A%22bookmark_search%22%7D]%2C%22ref_notif_type%22%3Anull%7D,FRI, 8 SEP AT 23:00 UTC+01,Fire Vauxhall,https://scontent.fbho3-1.fna.fbcdn.net/v/t39.30808-6/363440361_237053322624236_3939188119531110115_n.jpg?stp=c210.0.1500.1000a_dst-jpg_s168x128&_nc_cat=100&ccb=1-7&_nc_sid=934829&_nc_ohc=3TlIXIRSX7EAX9ifyP4&_nc_ht=scontent.fbho3-1.fna&oh=00_AfCkV-ABjHk5vYNDDhXHB_c_DF4EBnXxAG8oTaJDVc-tMQ&oe=64FF2A45
15,London: Afternoon Tea Cruise,https://www.facebook.com/events/718960153307708/?acontext=%7B%22event_action_history%22%3A[%7B%22mechanism%22%3A%22search_results%22%2C%22surface%22%3A%22bookmark_search%22%7D]%2C%22ref_notif_type%22%3Anull%7D,SUN, 10 SEP AT 15:30 EDT AND 25 MORE,Tower Millennium Pier,https://scontent.fbho3-1.fna.fbcdn.net/v/t39.30808-6/334957671_1170064323640432_1125886215440102379_n.jpg?stp=dst-jpg_s168x128&_nc_cat=102&ccb=1-7&_nc_sid=934829&_nc_ohc=I1rv3NAF_XIAX83iXBH&_nc_ht=scontent.fbho3-1.fna&oh=00_AfBeyahlXcIQv05Md0W4H1cmAo6Z_Y5ZRgUQuG8-aZUBoA&oe=64FE2DF7
16,North London Stitch Up,https://www.facebook.com/events/843442920035772/?acontext=%7B%22event_action_history%22%3A[%7B%22mechanism%22%3A%22search_results%22%2C%22surface%22%3A%22bookmark_search%22%7D]%2C%22ref_notif_type%22%3Anull%7D,SAT, 9 SEP AT 15:00 UTC+01 AND 11 MORE,Swiss Cottage Library,https://scontent.fbho3-1.fna.fbcdn.net/v/t39.30808-6/318112586_5974200259308690_4113447242961874567_n.jpg?stp=c0.26.960.640a_dst-jpg_s168x128&_nc_cat=102&ccb=1-7&_nc_sid=934829&_nc_ohc=_OKrZNBfK1YAX9icwUq&_nc_ht=scontent.fbho3-1.fna&oh=00_AfDrWOlgmCO87KCTwWk0HD7UfuV9fLHEtBsm_BHt6fqkYg&oe=64FDD144
17,"Solitary & Cart & Horses, London",https://www.facebook.com/events/745506557010426/?acontext=%7B%22event_action_history%22%3A[%7B%22mechanism%22%3A%22search_results%22%2C%22surface%22%3A%22bookmark_search%22%7D]%2C%22ref_notif_type%22%3Anull%7D,SAT, 9 SEP AT 07:00 UTC+01,23 interested Â· 8 going,https://scontent.fbho3-1.fna.fbcdn.net/v/t39.30808-6/359781617_681351023805533_8351769248138724964_n.jpg?stp=c128.0.945.630a_dst-jpg_s168x128&_nc_cat=109&ccb=1-7&_nc_sid=934829&_nc_ohc=TscZaplbcPsAX8DY28L&_nc_ht=scontent.fbho3-1.fna&oh=00_AfDxz8Ay04b8vvbAflLvOGqXGgNJsYlmvcewwgzOAY3ceA&oe=64FEDD7A
18,The London Django Collective,https://www.facebook.com/events/1245894802753988/?acontext=%7B%22event_action_history%22%3A[%7B%22mechanism%22%3A%22search_results%22%2C%22surface%22%3A%22bookmark_search%22%7D]%2C%22ref_notif_type%22%3Anull%7D,SUN, 10 SEP AT 20:30 UTC+01,Green Note,https://scontent.fbho3-1.fna.fbcdn.net/v/t39.30808-6/375456777_10163019945634447_2517815633053220732_n.png?stp=c0.18.168.112a_dst-png_p168x128&_nc_cat=100&ccb=1-7&_nc_sid=934829&_nc_ohc=iuGanH7N124AX-6CGFp&_nc_ht=scontent.fbho3-1.fna&oh=00_AfDcvZh2r-1H3sTgg-1QCQ7baPGrqXl9azA8_p8585YJhQ&oe=64FEEA33
19,Fiesta Mexicana in London,https://www.facebook.com/events/2530824090404694/?acontext=%7B%22event_action_history%22%3A[%7B%22mechanism%22%3A%22search_results%22%2C%22surface%22%3A%22bookmark_search%22%7D]%2C%22ref_notif_type%22%3Anull%7D,SAT, 9 SEP AT 18:00 EDT,Fiesta Mexican Grill,https://scontent.fbho3-3.fna.fbcdn.net/v/t39.30808-6/369122294_1039486547493959_2321882734541549129_n.jpg?stp=c40.0.717.478a_dst-jpg_s168x128&_nc_cat=108&ccb=1-7&_nc_sid=934829&_nc_ohc=7vJXm41bxIMAX9OD5hZ&_nc_ht=scontent.fbho3-3.fna&oh=00_AfAq4TAfWQ_vTCEFr8MMV-b1O2y8V21Hu3RI3Z3vBuHAMg&oe=64FE4141
20,Sista Flo 2.0 - London,https://www.facebook.com/events/796881112158778/?acontext=%7B%22event_action_history%22%3A[%7B%22mechanism%22%3A%22search_results%22%2C%22surface%22%3A%22bookmark_search%22%7D]%2C%22ref_notif_type%22%3Anull%7D,SAT, 9 SEP AT 16:00 UTC+01,Leicester Square Theatre,https://scontent.fbho3-1.fna.fbcdn.net/v/t39.30808-6/358127796_810224490702654_5009989398528864325_n.jpg?stp=c150.0.1620.1080a_dst-jpg_s168x128&_nc_cat=109&ccb=1-7&_nc_sid=934829&_nc_ohc=K9Cxy_4StUUAX-4Je-d&_nc_ht=scontent.fbho3-1.fna&oh=00_AfDbaBBe8AJjNinxq6wBYecm-vu5ojCipUAZL2DdfsJnxw&oe=64FDD097
21,NFA London will be at LGBTQ centre in London,https://www.facebook.com/events/997205471495495/?acontext=%7B%22event_action_history%22%3A[%7B%22mechanism%22%3A%22search_results%22%2C%22surface%22%3A%22bookmark_search%22%7D]%2C%22ref_notif_type%22%3Anull%7D,SAT, 9 SEP AT 13:00 UTC+01,London LGBTQ+ Community Centre,https://scontent.fbho3-1.fna.fbcdn.net/v/t39.30808-6/369730565_291405853483107_4074733043905920475_n.jpg?stp=c64.0.168.113a_dst-jpg_p296x100&_nc_cat=103&ccb=1-7&_nc_sid=934829&_nc_ohc=t_cYHjv7QFUAX8vS5wf&_nc_ht=scontent.fbho3-1.fna&oh=00_AfCbJlnDBSJ6pgoA-x_H-fperlKMcmUZHfilv1WKDXdcsw&oe=64FE25BC
22,Big UK Record Fair returns to London Victoria,https://www.facebook.com/events/1798790420514506/?acontext=%7B%22event_action_history%22%3A[%7B%22mechanism%22%3A%22search_results%22%2C%22surface%22%3A%22bookmark_search%22%7D]%2C%22ref_notif_type%22%3Anull%7D,SAT, 9 SEP AT 10:00 UTC+01,"Lindley Hall, London",https://scontent.fbho3-1.fna.fbcdn.net/v/t39.30808-6/344693436_1037064140611876_2489766751474269597_n.jpg?stp=c137.0.600.400a_dst-jpg_s168x128&_nc_cat=100&ccb=1-7&_nc_sid=934829&_nc_ohc=qLrKsYd1VX8AX_m8IPB&_nc_ht=scontent.fbho3-1.fna&oh=00_AfDcaGH-RksjahgdUIVQuZAXcCdsDo8uwAYLr0as8uF5Mg&oe=64FDF438
23,Farewell Fiesta - Fiesta MK1 Meet at Ace Cafe London,https://www.facebook.com/events/650239133767372/?acontext=%7B%22event_action_history%22%3A[%7B%22mechanism%22%3A%22search_results%22%2C%22surface%22%3A%22bookmark_search%22%7D]%2C%22ref_notif_type%22%3Anull%7D,SAT, 9 SEP AT 18:00 UTC+01,Ace Cafe London Ltd,https://scontent.fbho3-2.fna.fbcdn.net/v/t39.30808-6/356249935_7648466801844827_7802524457741376954_n.jpg?stp=c0.56.2048.1366a_cp6_dst-jpg_s168x128&_nc_cat=104&ccb=1-7&_nc_sid=934829&_nc_ohc=O06gibAB0soAX_sTAlT&_nc_ht=scontent.fbho3-2.fna&oh=00_AfDuGduLox0hqkQV9rslHI8qSzz9g3CqmBnnwWjPsludcQ&oe=64FE60EB
24,Playgrounds In Motion London,https://www.facebook.com/events/1045325589772318/?acontext=%7B%22event_action_history%22%3A[%7B%22mechanism%22%3A%22search_results%22%2C%22surface%22%3A%22bookmark_search%22%7D]%2C%22ref_notif_type%22%3Anull%7D,FRI, 8 SEP-9 SEP,OuternetLondon,https://scontent.fbho3-2.fna.fbcdn.net/v/t39.30808-6/361935888_688139240023859_5493402907054081790_n.jpg?stp=c66.0.164.110a_dst-jpg_p296x100&_nc_cat=111&ccb=1-7&_nc_sid=934829&_nc_ohc=3DKTBdNhUFgAX9DS8KX&_nc_oc=AQkGaKyfY1XyIDaGQLk7GRejxZXfUOF_xhSIw9JXFUENBEu5N71f_I6bsSgtjhi_UsZHcEhhMtmEkbqJsPAiHwTB&_nc_ht=scontent.fbho3-2.fna&oh=00_AfD3sdD5jfOwtc7oMP2ltfbksVtsUvN1gAKr4pSLBW4KdA&oe=64FEC7BA
25,ESCUELA GRIND at 229 Venue 2 - London,https://www.facebook.com/events/826297888885818/?acontext=%7B%22event_action_history%22%3A[%7B%22mechanism%22%3A%22search_results%22%2C%22surface%22%3A%22bookmark_search%22%7D]%2C%22ref_notif_type%22%3Anull%7D,SAT, 9 SEP AT 19:00 UTC+01,229,https://scontent.fbho3-2.fna.fbcdn.net/v/t39.30808-6/363975016_760959976035222_1482234041407594803_n.jpg?stp=c150.0.1620.1080a_dst-jpg_s168x128&_nc_cat=104&ccb=1-7&_nc_sid=934829&_nc_ohc=BkW9FDariNcAX8yaMN7&_nc_ht=scontent.fbho3-2.fna&oh=00_AfAovtjYVTZ-mwTjTWgJFamEvZNcofCSgXpm3D_u0WOYaw&oe=64FDE835
26,BOUGIE DRAG BOTTOMLESS BRUNCH LONDON,https://www.facebook.com/events/884138933041348/?acontext=%7B%22event_action_history%22%3A[%7B%22mechanism%22%3A%22search_results%22%2C%22surface%22%3A%22bookmark_search%22%7D]%2C%22ref_notif_type%22%3Anull%7D,SAT, 9 SEP AT 12:00 UTC+01 AND 6 MORE,25 interested Â· 1 going,https://scontent.fbho3-2.fna.fbcdn.net/v/t39.30808-6/323983623_572188020950230_6692524456005029352_n.jpg?stp=c0.21.168.112a_dst-jpg_p168x128&_nc_cat=106&ccb=1-7&_nc_sid=934829&_nc_ohc=q4zE_AHondsAX8avANT&_nc_ht=scontent.fbho3-2.fna&oh=00_AfDUvPwznoT0PbpvL3RpCIqJ0PmklfGf20gP_haSb3wqEQ&oe=64FEA164
27,SPARTA at The Underworld - London,https://www.facebook.com/events/1257590605186714/?acontext=%7B%22event_action_history%22%3A[%7B%22mechanism%22%3A%22search_results%22%2C%22surface%22%3A%22bookmark_search%22%7D]%2C%22ref_notif_type%22%3Anull%7D,SUN, 10 SEP AT 19:00 UTC+01,The Underworld Camden,https://scontent.fbho3-1.fna.fbcdn.net/v/t39.30808-6/373695627_678943474264100_5944209102306523718_n.jpg?stp=c0.18.168.112a_dst-jpg_p168x128&_nc_cat=109&ccb=1-7&_nc_sid=934829&_nc_ohc=v0gSLAboQBMAX_eEM7X&_nc_ht=scontent.fbho3-1.fna&oh=00_AfA_CFSUn8Lwcgj7Th9g_BqBWEYmp78iEUy6d_VrpHhVyw&oe=64FEFC27
28,Courettes at 100 Club - London,https://www.facebook.com/events/645172630512546/?acontext=%7B%22event_action_history%22%3A[%7B%22mechanism%22%3A%22search_results%22%2C%22surface%22%3A%22bookmark_search%22%7D]%2C%22ref_notif_type%22%3Anull%7D,SUN, 10 SEP AT 19:30 UTC+01,The 100 Club Oxford St London,https://scontent.fbho3-1.fna.fbcdn.net/v/t39.30808-6/374951336_808249484633794_4648049670532471907_n.jpg?stp=c160.0.1728.1152a_dst-jpg_s168x128&_nc_cat=109&ccb=1-7&_nc_sid=934829&_nc_ohc=jP3rV7f1UFUAX9Aclcf&_nc_ht=scontent.fbho3-1.fna&oh=00_AfCQi6Ckuh00Rkvj4n1OIFkbUEd_sSOZ224WmBW1lySTOg&oe=64FEC4EF
29,Nintendo Switch London Meetup,https://www.facebook.com/events/1211861946876823/?acontext=%7B%22event_action_history%22%3A[%7B%22mechanism%22%3A%22search_results%22%2C%22surface%22%3A%22bookmark_search%22%7D]%2C%22ref_notif_type%22%3Anull%7D,SAT, 9 SEP AT 14:00 UTC+01 AND 7 MORE,BrewDog Waterloo,https://scontent.fbho3-1.fna.fbcdn.net/v/t39.30808-6/351876421_186446457708103_2662065617288773655_n.jpg?stp=c150.0.1620.1080a_dst-jpg_s168x128&_nc_cat=103&ccb=1-7&_nc_sid=934829&_nc_ohc=he-uI22aYiAAX_f_Vj7&_nc_ht=scontent.fbho3-1.fna&oh=00_AfBXxXrzJFxb8VMwkuzrYx8Xtby_8-YYd5q20kq6zn1IqQ&oe=64FE4706
30,Frequenza Showcase EGG London,https://www.facebook.com/events/750714380076963/?acontext=%7B%22event_action_history%22%3A[%7B%22mechanism%22%3A%22search_results%22%2C%22surface%22%3A%22bookmark_search%22%7D]%2C%22ref_notif_type%22%3Anull%7D,FRI, 8 SEP AT 22:00 UTC+01,Egg London,https://scontent.fbho3-3.fna.fbcdn.net/v/t39.30808-6/365268965_1047363612951652_9194163157290750830_n.jpg?stp=c220.0.1608.1072a_dst-jpg_s168x128&_nc_cat=101&ccb=1-7&_nc_sid=934829&_nc_ohc=SVx1doUva3sAX8TnxBP&_nc_ht=scontent.fbho3-3.fna&oh=00_AfCrG3RfLx-oTsoz3ZV7_JlH51Gb1FN3PV5w9v9luLPFHw&oe=64FDADD4
31,THE BLISS EXPERIENCE LONDON.,https://www.facebook.com/events/301854549197328/?acontext=%7B%22event_action_history%22%3A[%7B%22mechanism%22%3A%22search_results%22%2C%22surface%22%3A%22bookmark_search%22%7D]%2C%22ref_notif_type%22%3Anull%7D,SAT, 9 SEP AT 07:00 UTC+01,O2 Forum Kentish Town,https://scontent.fbho3-1.fna.fbcdn.net/v/t39.30808-6/371783024_294208549872531_2835757180083349896_n.jpg?stp=c24.0.672.448a_dst-jpg_s168x128&_nc_cat=110&ccb=1-7&_nc_sid=934829&_nc_ohc=P4enOiU72vYAX-HVoVA&_nc_ht=scontent.fbho3-1.fna&oh=00_AfBLMb1x4aZTcjnQeFC7ca2a1M71BPQEghHPlofWtr0YAQ&oe=64FEB2B2
32,Sewol gathering in London,https://www.facebook.com/events/835601974939937/?acontext=%7B%22event_action_history%22%3A[%7B%22mechanism%22%3A%22search_results%22%2C%22surface%22%3A%22bookmark_search%22%7D]%2C%22ref_notif_type%22%3Anull%7D,SAT, 9 SEP AT 12:30 UTC+01,Trafalgar Square,https://scontent.fbho3-2.fna.fbcdn.net/v/t39.30808-6/369723698_605087311822977_2972249563751578408_n.jpg?stp=c0.9.960.640a_dst-jpg_s168x128&_nc_cat=111&ccb=1-7&_nc_sid=934829&_nc_ohc=v-oc5gcjDn0AX9atms1&_nc_ht=scontent.fbho3-2.fna&oh=00_AfAm9apbGRAdl22haViaBW5bPOfAgVyjxoBWHS6ORwckCQ&oe=64FED5FC
33,Watercolour Workshop in London,https://www.facebook.com/events/163627900085461/?acontext=%7B%22event_action_history%22%3A[%7B%22mechanism%22%3A%22search_results%22%2C%22surface%22%3A%22bookmark_search%22%7D]%2C%22ref_notif_type%22%3Anull%7D,SAT, 9 SEP-10 SEP,"London, UnÎ¹ted Kingdom",https://scontent.fbho3-1.fna.fbcdn.net/v/t39.30808-6/367016617_719185176887533_6641565690229260641_n.jpg?stp=c0.46.168.112a_dst-jpg_p168x128&_nc_cat=102&ccb=1-7&_nc_sid=934829&_nc_ohc=3-Sg-UJ-wMAAX-LOAiR&_nc_oc=AQlZdSPSiZnkB4pwteAGnpOiLZeMcFebtVqw9ggvnKo4hT2C8ItP2js6IVW4WNcGyjUDQ-ojg11AwKbZtwSrGwfg&_nc_ht=scontent.fbho3-1.fna&oh=00_AfDwBKHAp-fy2A8XSL9wiYNMacn7aZSyUIsM2YzNOZ-9Yw&oe=64FF26F5
34,London to Brighton Cycle 2023,https://www.facebook.com/events/1222398262026806/?acontext=%7B%22event_action_history%22%3A[%7B%22mechanism%22%3A%22search_results%22%2C%22surface%22%3A%22bookmark_search%22%7D]%2C%22ref_notif_type%22%3Anull%7D,SUN, 10 SEP AT 10:00 UTC+01,19 interested Â· 4 going,https://scontent.fbho3-1.fna.fbcdn.net/v/t39.30808-6/324711078_539153098147098_3688768902431102689_n.jpg?stp=c127.0.1386.924a_dst-jpg_s168x128&_nc_cat=103&ccb=1-7&_nc_sid=934829&_nc_ohc=MmfoH1aCs_MAX_xp-5H&_nc_ht=scontent.fbho3-1.fna&oh=00_AfC9vy0TKV3OUtp2PoYBObQ2UTBQZ40ETwwcQ4Ho-Nuwpw&oe=64FE1F62
35,PALINDROME: The Musical - London run ðŸ’ŒðŸ“®,https://www.facebook.com/events/305824912030217/?acontext=%7B%22event_action_history%22%3A[%7B%22mechanism%22%3A%22search_results%22%2C%22surface%22%3A%22bookmark_search%22%7D]%2C%22ref_notif_type%22%3Anull%7D,FRI, 8 SEP AT 19:30 UTC+01 AND 3 MORE,Riverside Studios,https://scontent.fbho3-3.fna.fbcdn.net/v/t39.30808-6/372969001_1709759832821033_8495141175525848847_n.jpg?stp=c242.0.1564.1043a_cp6_dst-jpg_s168x128&_nc_cat=108&ccb=1-7&_nc_sid=934829&_nc_ohc=AumETRmgSwMAX9nvo74&_nc_ht=scontent.fbho3-3.fna&oh=00_AfBlKCa460fPaYTThqil6brmQ6yKPgux87xM-p_JVi4DgQ&oe=64FDF691
36,London to Brighton Cycle Ride 2023,https://www.facebook.com/events/1229528794289186/?acontext=%7B%22event_action_history%22%3A[%7B%22mechanism%22%3A%22search_results%22%2C%22surface%22%3A%22bookmark_search%22%7D]%2C%22ref_notif_type%22%3Anull%7D,SUN, 10 SEP AT 06:00 UTC+01,76 interested Â· 438 going,https://scontent.fbho3-1.fna.fbcdn.net/v/t39.30808-6/309621319_5830897776920794_1084945675117225493_n.jpg?stp=dst-jpg_s168x128&_nc_cat=102&ccb=1-7&_nc_sid=934829&_nc_ohc=o1QE2i4c0kIAX8_R5Fb&_nc_ht=scontent.fbho3-1.fna&oh=00_AfAk-NAyz2M4Qbu2eevi2vZYRJ7lJUYlnlXsNa-5pOOeTQ&oe=64FE8966
37,Jim Jefferies - London - 7 & 9:30,https://www.facebook.com/events/238146075260417/?acontext=%7B%22event_action_history%22%3A[%7B%22mechanism%22%3A%22search_results%22%2C%22surface%22%3A%22bookmark_search%22%7D]%2C%22ref_notif_type%22%3Anull%7D,FRI, 8 SEP AT 19:00 EDT,Centennial Hall,https://scontent.fbho3-2.fna.fbcdn.net/v/t39.30808-6/337248927_903828950674747_7345937674452040846_n.jpg?stp=c150.0.1620.1080a_dst-jpg_s168x128&_nc_cat=107&ccb=1-7&_nc_sid=934829&_nc_ohc=tBlB-6XgYjoAX-oxzuk&_nc_ht=scontent.fbho3-2.fna&oh=00_AfCpzMKH-DRldYgCUTpmSlQKELDxrGmDui_UMCkF4mAXEA&oe=64FE76D5
38,Airshow London SkyDrive 2023,https://www.facebook.com/events/660131912230858/?acontext=%7B%22event_action_history%22%3A[%7B%22mechanism%22%3A%22search_results%22%2C%22surface%22%3A%22bookmark_search%22%7D]%2C%22ref_notif_type%22%3Anull%7D,FRI, 8 SEP-10 SEP,London International Airport,https://scontent.fbho3-1.fna.fbcdn.net/v/t39.30808-6/358410371_1620521955118612_7659241994864685052_n.jpg?stp=c134.0.1440.960a_dst-jpg_s168x128&_nc_cat=102&ccb=1-7&_nc_sid=934829&_nc_ohc=RrLqGyCfT8sAX8MW5hQ&_nc_ht=scontent.fbho3-1.fna&oh=00_AfDLitd-AHMNZ4E6Y_R0i4-NToQwHT4_HuSh851bAfG2iA&oe=64FF4B7D
39,London Lounge Friday & Sat night happy hour/party,https://www.facebook.com/events/827418838603379/?acontext=%7B%22event_action_history%22%3A[%7B%22mechanism%22%3A%22search_results%22%2C%22surface%22%3A%22bookmark_search%22%7D]%2C%22ref_notif_type%22%3Anull%7D,Today,Happening Now,London Lounge Va,https://scontent.fbho3-2.fna.fbcdn.net/v/t39.30808-6/364138756_245049578474761_4382412403362658786_n.jpg?stp=c0.20.168.112a_cp6_dst-jpg_p168x128&_nc_cat=111&ccb=1-7&_nc_sid=934829&_nc_ohc=1k6y70DwTMoAX8KA2ry&_nc_ht=scontent.fbho3-2.fna&oh=00_AfB0zdvIxrkz0e-zmdtdBSfQNEx-bO7RsgxpF-WR8TpZWQ&oe=64FEEFDB
40,Airshow London SkyDrive 2023,https://www.facebook.com/events/682266547070431/?acontext=%7B%22event_action_history%22%3A[%7B%22mechanism%22%3A%22search_results%22%2C%22surface%22%3A%22bookmark_search%22%7D]%2C%22ref_notif_type%22%3Anull%7D,SAT, 9 SEP-11 SEP,London International Airport,https://scontent.fbho3-3.fna.fbcdn.net/v/t39.30808-6/361105718_182358671487908_2235421799445968085_n.jpg?stp=c134.0.1440.960a_dst-jpg_s168x128&_nc_cat=101&ccb=1-7&_nc_sid=934829&_nc_ohc=s5oYelZM4VYAX-QmRdl&_nc_ht=scontent.fbho3-3.fna&oh=00_AfD_Ff0aw-ENAkn7Xbl-CzInVcfiUfDxL92Sc0QenpZQ6Q&oe=64FDFBA0
41,Airshow London SkyDrive 2023,https://www.facebook.com/events/1051826482863367/?acontext=%7B%22event_action_history%22%3A[%7B%22mechanism%22%3A%22search_results%22%2C%22surface%22%3A%22bookmark_search%22%7D]%2C%22ref_notif_type%22%3Anull%7D,FRI, 8 SEP-10 SEP,London International Airport,https://scontent.fbho3-1.fna.fbcdn.net/v/t39.30808-6/357421293_283127884209114_2207872268269184359_n.jpg?stp=c134.0.1440.960a_dst-jpg_s168x128&_nc_cat=109&ccb=1-7&_nc_sid=934829&_nc_ohc=tap24I6n36UAX_sDJv-&_nc_ht=scontent.fbho3-1.fna&oh=00_AfCJw32aIRaRQ9tDj1Oye6Otv_0Vnq5dOYrPt_KzVKdeSg&oe=64FDAEFC
42,Airshow London SkyDrive 2023,https://www.facebook.com/events/210999988590889/?acontext=%7B%22event_action_history%22%3A[%7B%22mechanism%22%3A%22search_results%22%2C%22surface%22%3A%22bookmark_search%22%7D]%2C%22ref_notif_type%22%3Anull%7D,FRI, 8 SEP-10 SEP,London International Airport,https://scontent.fbho3-1.fna.fbcdn.net/v/t39.30808-6/358691474_1018183392868881_1542373720372243176_n.jpg?stp=c150.0.1620.1080a_dst-jpg_s168x128&_nc_cat=102&ccb=1-7&_nc_sid=934829&_nc_ohc=4wYbHQRqk-YAX_5SMAP&_nc_ht=scontent.fbho3-1.fna&oh=00_AfD6e0fuaUI3-e2FHBF2cjXcax5Q5h2SoMlSmdd1Vl9M9A&oe=64FD5DA7
43,CarLeans at the Maritime Festival in New London,https://www.facebook.com/events/188308997072440/?acontext=%7B%22event_action_history%22%3A[%7B%22mechanism%22%3A%22search_results%22%2C%22surface%22%3A%22bookmark_search%22%7D]%2C%22ref_notif_type%22%3Anull%7D,SAT, 9 SEP AT 16:00 EDT,New London Waterfront,https://scontent.fbho3-1.fna.fbcdn.net/v/t39.30808-6/367493249_805145694947952_1121775943624364226_n.jpg?stp=c0.3.164.109a_dst-jpg_p118x118&_nc_cat=109&ccb=1-7&_nc_sid=934829&_nc_ohc=-RBbJVSa_SYAX_U_mgp&_nc_ht=scontent.fbho3-1.fna&oh=00_AfDdRMg0iQMcTttQSQR0aWRvSnGkK-350MmQfWYrB2XX-w&oe=64FF06F1
44,"Noah23 in London Ontario with Sensi Boy, Thronethief & DJ NV US",https://www.facebook.com/events/222337557105916/?acontext=%7B%22event_action_history%22%3A[%7B%22mechanism%22%3A%22search_results%22%2C%22surface%22%3A%22bookmark_search%22%7D]%2C%22ref_notif_type%22%3Anull%7D,SAT, 9 SEP AT 21:00 EDT,The Holy Diver,https://scontent.fbho3-2.fna.fbcdn.net/v/t39.30808-6/375754829_726503575970193_1306598879190000180_n.jpg?stp=c0.18.168.112a_dst-jpg_p168x128&_nc_cat=105&ccb=1-7&_nc_sid=934829&_nc_ohc=1eMgPvIcVckAX9zItBs&_nc_ht=scontent.fbho3-2.fna&oh=00_AfAb6e6Ay8M6iZnranRHp6gqGQvFy3wNnLO9SJgU6kcj9w&oe=64FF3F6E
45,101% PANTERA at The Underworld - London,https://www.facebook.com/events/704285534455553/?acontext=%7B%22event_action_history%22%3A[%7B%22mechanism%22%3A%22search_results%22%2C%22surface%22%3A%22bookmark_search%22%7D]%2C%22ref_notif_type%22%3Anull%7D,SAT, 9 SEP AT 17:00 UTC+01,The Underworld Camden,https://scontent.fbho3-1.fna.fbcdn.net/v/t39.30808-6/364087112_662601972564917_1460897287983847518_n.jpg?stp=c0.18.168.112a_dst-jpg_p168x128&_nc_cat=109&ccb=1-7&_nc_sid=934829&_nc_ohc=TbLxxuyZ3ecAX8omYcs&_nc_ht=scontent.fbho3-1.fna&oh=00_AfASvkHkb2oZ2xUxQT_rT2AdV9roCIF9EZydObNOErp64g&oe=64FDF59E
46,"DÃ©jÃ  Vega live at The Grace, London",https://www.facebook.com/events/1244995929472918/?acontext=%7B%22event_action_history%22%3A[%7B%22mechanism%22%3A%22search_results%22%2C%22surface%22%3A%22bookmark_search%22%7D]%2C%22ref_notif_type%22%3Anull%7D,SAT, 9 SEP AT 19:00 UTC+01,The Grace,https://scontent.fbho3-2.fna.fbcdn.net/v/t39.30808-6/337520042_129970950037920_4230123894245165230_n.jpg?stp=c0.41.168.112a_dst-jpg_p168x128&_nc_cat=104&ccb=1-7&_nc_sid=934829&_nc_ohc=IPzRt5vL3HEAX-LiaOL&_nc_ht=scontent.fbho3-2.fna&oh=00_AfB6CqqDLc7qYZ035MandnvxwPxNZUb3VJ5wtD6TWeX5Aw&oe=64FE8D4F
47,London Landmarks Skyscraper Challenge 2023,https://www.facebook.com/events/479837704244058/?acontext=%7B%22event_action_history%22%3A[%7B%22mechanism%22%3A%22search_results%22%2C%22surface%22%3A%22bookmark_search%22%7D]%2C%22ref_notif_type%22%3Anull%7D,SAT, 9 SEP-10 SEP,The Leadenhall Building,https://scontent.fbho3-1.fna.fbcdn.net/v/t39.30808-6/316425899_10159551526642284_8073917408695973231_n.jpg?stp=c1479.0.1431.954a_dst-jpg_s168x128&_nc_cat=102&ccb=1-7&_nc_sid=934829&_nc_ohc=Y2zfGneyUXQAX87aOCY&_nc_ht=scontent.fbho3-1.fna&oh=00_AfASb0hau1GETylclwNpuKyr0f1iE1N8qIZW5bw04HlSmg&oe=64FD8070
48,"LONDON NIGHT OF PROPHECY, SIGNS & WONDERS",https://www.facebook.com/events/2111158472388174/?acontext=%7B%22event_action_history%22%3A[%7B%22mechanism%22%3A%22search_results%22%2C%22surface%22%3A%22bookmark_search%22%7D]%2C%22ref_notif_type%22%3Anull%7D,SAT, 9 SEP AT 17:00 UTC,"St Andrew's, Upper Leytonstone",https://scontent.fbho3-2.fna.fbcdn.net/v/t39.30808-6/369541268_10227290921477789_4991088833285170775_n.jpg?stp=c0.32.168.112a_dst-jpg_p168x128&_nc_cat=106&ccb=1-7&_nc_sid=934829&_nc_ohc=rIv-53SkBAgAX--VyOw&_nc_oc=AQkafPE0Bbrfrg_yY8VNc4Om-FHEMvnntdrYgmoQKN2-Evx6twL6MN3zP-wD3bATM8Ho4qJsihzR72UmWpDzR-t-&_nc_ht=scontent.fbho3-2.fna&oh=00_AfCpYhqDGwyCbwPwNQXKPXpwO0tiM1lXfo477l8ZixlilQ&oe=64FD8092
49,HARRY MACK ODYSSEY TOUR 2023 - LONDON,https://www.facebook.com/events/598128099005285/?acontext=%7B%22event_action_history%22%3A[%7B%22mechanism%22%3A%22search_results%22%2C%22surface%22%3A%22bookmark_search%22%7D]%2C%22ref_notif_type%22%3Anull%7D,SUN, 10 SEP AT 19:00 UTC+01,O2 Shepherds Bush Empire,https://scontent.fbho3-2.fna.fbcdn.net/v/t39.30808-6/338393121_740587811053933_6705185406368463262_n.jpg?stp=c160.0.1728.1152a_dst-jpg_s168x128&_nc_cat=107&ccb=1-7&_nc_sid=934829&_nc_ohc=Sc_T_asdZhcAX87WmiE&_nc_ht=scontent.fbho3-2.fna&oh=00_AfC_aXJO4sJN2IojNb5D5LaAES8xjpL14eu9amT3DXDxfA&oe=64FDE628
50,Kyro London 1 Year Anniversary,https://www.facebook.com/events/592539139622907/?acontext=%7B%22event_action_history%22%3A[%7B%22mechanism%22%3A%22search_results%22%2C%22surface%22%3A%22bookmark_search%22%7D]%2C%22ref_notif_type%22%3Anull%7D,SAT, 9 SEP AT 20:00 UTC+01,Ilford,https://scontent.fbho3-3.fna.fbcdn.net/v/t39.30808-6/369294854_288984833884895_6220340558306352525_n.jpg?stp=c63.0.675.450a_dst-jpg_s168x128&_nc_cat=108&ccb=1-7&_nc_sid=934829&_nc_ohc=042gBBHFjW8AX8o1zFK&_nc_ht=scontent.fbho3-3.fna&oh=00_AfCsQ-hc5ipgdX5ztj8D0tjWPRVWh7zjrJjMlF1cBl_6Cw&oe=64FF2B21
51,50h Rocket Teacher Training (Part 1) with Leon London,https://www.facebook.com/events/1621414841684689/?acontext=%7B%22event_action_history%22%3A[%7B%22mechanism%22%3A%22search_results%22%2C%22surface%22%3A%22bookmark_search%22%7D]%2C%22ref_notif_type%22%3Anull%7D,Today,Happening Now,Indaba Yoga,https://scontent.fbho3-1.fna.fbcdn.net/v/t39.30808-6/365392377_668555995301743_1604416531577870920_n.jpg?stp=c0.18.168.112a_dst-jpg_p168x128&_nc_cat=109&ccb=1-7&_nc_sid=934829&_nc_ohc=p8IE7dGlnosAX9swZZ9&_nc_ht=scontent.fbho3-1.fna&oh=00_AfAiRkb3amt4dfgqSj1gYF1dW7kGgFIEJxxOz_Dhduvf3A&oe=64FF1B46
52,"Single Muslim Speed Dating Marriage Event | Canary Wharf, London",https://www.facebook.com/events/200450306010549/?acontext=%7B%22event_action_history%22%3A[%7B%22mechanism%22%3A%22search_results%22%2C%22surface%22%3A%22bookmark_search%22%7D]%2C%22ref_notif_type%22%3Anull%7D,SUN, 10 SEP AT 11:30 UTC+01,Canary Wharf,https://scontent.fbho3-2.fna.fbcdn.net/v/t39.30808-6/363770481_269274455857377_2411649428271830132_n.jpg?stp=c270.0.1620.1080a_dst-jpg_s168x128&_nc_cat=107&ccb=1-7&_nc_sid=934829&_nc_ohc=f1-GZJQHb9wAX8yXYd6&_nc_ht=scontent.fbho3-2.fna&oh=00_AfDBEqAfgJQlTGaHla0yjeQ_nUXjJtx0R7GszWtFeATTtg&oe=64FD8E2D
53,MÃºsica do CÃ­rculo in London,https://www.facebook.com/events/933918114574224/?acontext=%7B%22event_action_history%22%3A[%7B%22mechanism%22%3A%22search_results%22%2C%22surface%22%3A%22bookmark_search%22%7D]%2C%22ref_notif_type%22%3Anull%7D,SAT, 9 SEP-10 SEP,Music Tree,https://scontent.fbho3-1.fna.fbcdn.net/v/t39.30808-6/359192676_596217625829317_3712848308001945786_n.jpg?stp=c0.56.2048.1366a_cp6_dst-jpg_s168x128&_nc_cat=110&ccb=1-7&_nc_sid=934829&_nc_ohc=uA7FMkfmesIAX-h8FOX&_nc_oc=AQkzs_X3Ovra_OX9OsinHtDjUTbeeRGSMWAQTYLmRgKdK65JSDOLzj4Kco5IUh-bhy0CjUhnOjacBBh0mZNc6zmb&_nc_ht=scontent.fbho3-1.fna&oh=00_AfCxN2-2RWetbmoKu-rN7Bpg_1hxvC8xDTJ9xKTV0TRQ0w&oe=64FEE6FE
